year,entrants,place,name_final_table,prize_final_table,player_key_final_table,name_results,player_key_results,prize_results,entries,_merge,name_match,prize_diff,prize_match,entrants_match
2001,613,1,Carlos Mortensen,1500000,carlosmortensen,Carlos Mortensen,carlosmortensen,1500000.0,613.0,both,True,0.0,True,True
2001,613,2,Dewey Tomko,1098925,deweytomko,Dewey Tomko,deweytomko,1098925.0,613.0,both,True,0.0,True,True
2001,613,3,Stan Schrier,699315,stanschrier,Stanley Schrier,stanleyschrier,699315.0,613.0,both,False,0.0,True,True
2001,613,4,Phil Gordon,399610,philgordon,Phil Gordon,philgordon,399610.0,613.0,both,True,0.0,True,True
2001,613,5,Phil Hellmuth,303705,philhellmuth,Phil Hellmuth,philhellmuth,303705.0,613.0,both,True,0.0,True,True
2001,613,6,Mike Matusow,239765,mikematusow,Mike Matusow,mikematusow,239765.0,613.0,both,True,0.0,True,True
2001,613,7,Henry Nowakowski,179825,henrynowakowski,Henry Nowakowski,henrynowakowski,179825.0,613.0,both,True,0.0,True,True
2001,613,8,Steve Riehle,119885,steveriehle,Steven Reihle,stevenreihle,119885.0,613.0,both,False,0.0,True,True
2001,613,9,John Inashima,91190,johninashima,John Inashima,johninashima,91910.0,613.0,both,True,-720.0,False,True
2002,631,1,Robert Varkonyi,2000000,robertvarkonyi,Robert Varkonyi,robertvarkonyi,2000000.0,631.0,both,True,0.0,True,True
2002,631,2,Julian Gardner,1100000,juliangardner,Julian Gardner,juliangardner,1100000.0,631.0,both,True,0.0,True,True
2002,631,3,Ralph Perry,550000,ralphperry,Ralph Perry,ralphperry,550000.0,631.0,both,True,0.0,True,True
2002,631,4,Scott Gray,281480,scottgray,Scott Gray,scottgray,281400.0,631.0,both,True,80.0,False,True
2002,631,5,Harley Hall,195000,harleyhall,Harley Hall,harleyhall,195000.0,631.0,both,True,0.0,True,True
2002,631,6,Russell Rosenblum,150000,russellrosenblum,Russell Rosenblum,russellrosenblum,150000.0,631.0,both,True,0.0,True,True
2002,631,7,John Shipley,125000,johnshipley,John Shipley,johnshipley,120000.0,631.0,both,True,5000.0,False,True
2002,631,8,Tony Duong,100000,tonyduong,,,,,left_only,False,1000099999.0,False,False
2002,631,9,Minh Ly,85000,minhly,Minh Ly,minhly,85000.0,631.0,both,True,0.0,True,True
2003,839,1,Chris Moneymaker,2500000,chrismoneymaker,Chris Moneymaker,chrismoneymaker,2500000.0,839.0,both,True,0.0,True,True
2003,839,2,Sam Farha,1300000,samfarha,Sammy Farha,sammyfarha,1300000.0,839.0,both,False,0.0,True,True
2003,839,3,Dan Harrington,650000,danharrington,Dan Harrington,danharrington,650000.0,839.0,both,True,0.0,True,True
2003,839,4,Jason Lester,440000,jasonlester,Jason Lester,jasonlester,440000.0,839.0,both,True,0.0,True,True
2003,839,5,Tomer Benvenisti,320000,tomerbenvenisti,Tomer Benvenisti,tomerbenvenisti,320000.0,839.0,both,True,0.0,True,True
2003,839,6,Amir Vahedi,250000,amirvahedi,Amir Vahedi,amirvahedi,250000.0,839.0,both,True,0.0,True,True
2003,839,7,Young Pak,200000,youngpak,Young Pak,youngpak,200000.0,839.0,both,True,0.0,True,True
2003,839,8,David Grey,160000,davidgrey,David Grey,davidgrey,160000.0,839.0,both,True,0.0,True,True
2003,839,9,David Singer,120000,davidsinger,David Singer,davidsinger,120000.0,839.0,both,True,0.0,True,True
2004,2576,1,Greg Raymer,5000000,gregraymer,Greg Raymer,gregraymer,5000000.0,2576.0,both,True,0.0,True,True
2004,2576,2,David Williams,3500000,davidwilliams,David Williams,davidwilliams,3500000.0,2576.0,both,True,0.0,True,True
2004,2576,3,Josh Arieh,2500000,josharieh,Josh Arieh,josharieh,2500000.0,2576.0,both,True,0.0,True,True
2004,2576,4,Dan Harrington,1500000,danharrington,Dan Harrington,danharrington,1500000.0,2576.0,both,True,0.0,True,True
2004,2576,5,Glenn Hughes,1100000,glennhughes,Glenn Hughes,glennhughes,1100000.0,2576.0,both,True,0.0,True,True
2004,2576,6,Al Krux,800000,alkrux,Al Krux,alkrux,800000.0,2576.0,both,True,0.0,True,True
2004,2576,7,Matt Dean,675000,mattdean,Matt Dean,mattdean,675000.0,2576.0,both,True,0.0,True,True
2004,2576,8,Mattias Andersson,575000,mattiasandersson,Mattias Andersson,mattiasandersson,575000.0,2576.0,both,True,0.0,True,True
2004,2576,9,Michael McClain,470400,michaelmcclain,Mike McClain,mikemcclain,470400.0,2576.0,both,False,0.0,True,True
2005,5619,1,Joe Hachem,7500000,joehachem,Joe Hachem,joehachem,7500000.0,5619.0,both,True,0.0,True,True
2005,5619,2,Steve Dannenmann,4250000,stevedannenmann,Steve Dannenmann,stevedannenmann,4250000.0,5619.0,both,True,0.0,True,True
2005,5619,3,Tex Barch,2500000,texbarch,Tex Barch,texbarch,2500000.0,5619.0,both,True,0.0,True,True
2005,5619,4,Aaron Kanter,2000000,aaronkanter,Aaron Kanter,aaronkanter,2000000.0,5619.0,both,True,0.0,True,True
2005,5619,5,Andy Black,1750000,andyblack,Andy Black,andyblack,1750000.0,5619.0,both,True,0.0,True,True
2005,5619,6,Scott Lazar,1500000,scottlazar,Scott Lazar,scottlazar,1500000.0,5619.0,both,True,0.0,True,True
2005,5619,7,Daniel Bergsdorf,1300000,danielbergsdorf,Daniel Bergsdorf,danielbergsdorf,1300000.0,5619.0,both,True,0.0,True,True
2005,5619,8,Brad Kondracki,1150000,bradkondracki,Brad Kondracki,bradkondracki,1150000.0,5619.0,both,True,0.0,True,True
2005,5619,9,Mike Matusow,1000000,mikematusow,Mike Matusow,mikematusow,1000000.0,5619.0,both,True,0.0,True,True
2006,8773,1,Jamie Gold,12000000,jamiegold,Jamie Gold,jamiegold,12000000.0,8773.0,both,True,0.0,True,True
2006,8773,2,Paul Wasicka,6102499,paulwasicka,Paul Wasicka,paulwasicka,6102499.0,8773.0,both,True,0.0,True,True
2006,8773,3,Michael Binger,4123310,michaelbinger,Michael Binger,michaelbinger,4123310.0,8773.0,both,True,0.0,True,True
2006,8773,4,Allen Cunningham,3628513,allencunningham,Allen Cunningham,allencunningham,3628513.0,8773.0,both,True,0.0,True,True
2006,8773,5,Rhett Butler,3216182,rhettbutler,Rhett Butler,rhettbutler,3216182.0,8773.0,both,True,0.0,True,True
2006,8773,6,Richard Lee,2803851,richardlee,Richard Lee,richardlee,2803851.0,8773.0,both,True,0.0,True,True
2006,8773,7,Douglas Kim,2391520,douglaskim,Doug Kim,dougkim,2391520.0,8773.0,both,False,0.0,True,True
2006,8773,8,Erik Friberg,1979189,erikfriberg,Erik Friberg,erikfriberg,1979189.0,8773.0,both,True,0.0,True,True
2006,8773,9,Dan Nassif,1566858,dannassif,Dan Nassif,dannassif,1566858.0,8773.0,both,True,0.0,True,True
2007,6358,1,Jerry Yang,8250000,jerryyang,Jerry Yang,jerryyang,8250000.0,6358.0,both,True,0.0,True,True
2007,6358,2,Tuan Lam,4840981,tuanlam,Tuan Lam,tuanlam,4840981.0,6358.0,both,True,0.0,True,True
2007,6358,3,Raymond Rahme,3048025,raymondrahme,Raymond Rahme,raymondrahme,3048025.0,6358.0,both,True,0.0,True,True
2007,6358,4,Alex Kravchenko,1852721,alexkravchenko,Alex Kravchenko,alexkravchenko,1852721.0,6358.0,both,True,0.0,True,True
2007,6358,5,Jon Kalmar,1255069,jonkalmar,Jon Kalmar,jonkalmar,1255069.0,6358.0,both,True,0.0,True,True
2007,6358,6,Hevad Khan,956243,hevadkhan,Hevad Khan,hevadkhan,956243.0,6358.0,both,True,0.0,True,True
2007,6358,7,Lee Childs,705229,leechilds,Lee Childs,leechilds,705229.0,6358.0,both,True,0.0,True,True
2007,6358,8,Lee Watkinson,585699,leewatkinson,Lee Watkinson,leewatkinson,585699.0,6358.0,both,True,0.0,True,True
2007,6358,9,Philip Hilm,525934,philiphilm,Phillip Hilm,philliphilm,525934.0,6358.0,both,False,0.0,True,True
2008,6844,1,Peter Eastgate,9152416,petereastgate,Peter Eastgate,petereastgate,9152416.0,6844.0,both,True,0.0,True,True
2008,6844,2,Ivan Demidov,5790024,ivandemidov,Ivan Demidov,ivandemidov,5809595.0,6844.0,both,True,-19571.0,False,True
2008,6844,3,Dennis Phillips,4503352,dennisphillips,Dennis Phillips,dennisphillips,4517773.0,6844.0,both,True,-14421.0,False,True
2008,6844,4,Ylon Schwartz,3763515,ylonschwartz,Ylon Schwartz,ylonschwartz,3774974.0,6844.0,both,True,-11459.0,False,True
2008,6844,5,Scott Montgomery,3088012,scottmontgomery,Scott Montgomery,scottmontgomery,3096768.0,6844.0,both,True,-8756.0,False,True
2008,6844,6,Darus Suharto,2412510,darussuharto,Darus Suharto,darussuharto,2418562.0,6844.0,both,True,-6052.0,False,True
2008,6844,7,David Rheem,1769174,davidrheem,Chino Rheem,chinorheem,1772650.0,6844.0,both,False,-3476.0,False,True
2008,6844,8,Kelly Kim,1286672,kellykim,Kelly Kim,kellykim,1288217.0,6844.0,both,True,-1545.0,False,True
2008,6844,9,Craig Marquis,900670,craigmarquis,Craig Marquis,craigmarquis,900670.0,6844.0,both,True,0.0,True,True
2009,6494,1,Joe Cada,8547042,joecada,Joe Cada,joecada,8547044.0,6494.0,both,True,-2.0,False,True
2009,6494,2,Darvin Moon,5182928,darvinmoon,Darvin Moon,darvinmoon,5182927.0,6494.0,both,True,1.0,False,True
2009,6494,3,Antoine Saout,3479670,antoinesaout,Antoine Saout,antoinesaout,3479669.0,6494.0,both,True,1.0,False,True
2009,6494,4,Eric Buchman,2502890,ericbuchman,Eric Buchman,ericbuchman,2502890.0,6494.0,both,True,0.0,True,True
2009,6494,5,Jeff Shulman,1953452,jeffshulman,Jeff Shulman,jeffshulman,1953452.0,6494.0,both,True,0.0,True,True
2009,6494,6,Steven Begleiter,1587160,stevenbegleiter,Steven Begleiter,stevenbegleiter,1587160.0,6494.0,both,True,0.0,True,True
2009,6494,7,Phil Ivey,1404014,philivey,Phil Ivey,philivey,1404014.0,6494.0,both,True,0.0,True,True
2009,6494,8,Kevin Schaffel,1300231,kevinschaffel,Kevin Schaffel,kevinschaffel,1300231.0,6494.0,both,True,0.0,True,True
2009,6494,9,James Akenhead,1263602,jamesakenhead,James Akenhead,jamesakenhead,1263602.0,6494.0,both,True,0.0,True,True
2010,7319,1,Jonathan Duhamel,8944310,jonathanduhamel,Jonathan Duhamel,jonathanduhamel,8944310.0,7319.0,both,True,0.0,True,True
2010,7319,2,John Racener,5545955,johnracener,John Racener,johnracener,5545955.0,7319.0,both,True,0.0,True,True
2010,7319,3,Joseph Cheong,4130049,josephcheong,Joseph Cheong,josephcheong,4130049.0,7319.0,both,True,0.0,True,True
2010,7319,4,Filippo Candio,3092545,filippocandio,Filippo Candio,filippocandio,3092545.0,7319.0,both,True,0.0,True,True
2010,7319,5,Michael Mizrachi,2332992,michaelmizrachi,Michael Mizrachi,michaelmizrachi,2332992.0,7319.0,both,True,0.0,True,True
2010,7319,6,John Dolan,1772959,johndolan,John Dolan,johndolan,1772959.0,7319.0,both,True,0.0,True,True
2010,7319,7,Jason Senti,1356720,jasonsenti,Jason Senti,jasonsenti,1356720.0,7319.0,both,True,0.0,True,True
2010,7319,8,Matthew Jarvis,1045743,matthewjarvis,Matt Jarvis,mattjarvis,1045743.0,7319.0,both,False,0.0,True,True
2010,7319,9,Soi Nguyen,811823,soinguyen,Soi Nguyen,soinguyen,811823.0,7319.0,both,True,0.0,True,True
2011,6865,1,Pius Heinz,8715638,piusheinz,Pius Heinz,piusheinz,8715638.0,6865.0,both,True,0.0,True,True
2011,6865,2,Martin Staszko,5433086,martinstaszko,Martin Staszko,martinstaszko,5433086.0,6865.0,both,True,0.0,True,True
2011,6865,3,Ben Lamb,4021138,benlamb,Ben Lamb,benlamb,4021138.0,6865.0,both,True,0.0,True,True
2011,6865,4,Matt Giannetti,3012700,mattgiannetti,Matt Giannetti,mattgiannetti,3012700.0,6865.0,both,True,0.0,True,True
2011,6865,5,Phil Collins,2269599,philcollins,Phil Collins,philcollins,2269599.0,6865.0,both,True,0.0,True,True
2011,6865,6,Eoghan O'Dea,1720831,eoghanodea,Eoghan O'Dea,eoghanodea,1720831.0,6865.0,both,True,0.0,True,True
2011,6865,7,"Badih ""Bob"" Bounahra",1314097,badihbobbounahra,Bob Bounahra,bobbounahra,1314097.0,6865.0,both,False,0.0,True,True
2011,6865,8,Anton Makiievskyi,1010015,antonmakiievskyi,Anton Makiievskyi,antonmakiievskyi,1010015.0,6865.0,both,True,0.0,True,True
2011,6865,9,Sam Holden,782115,samholden,Sam Holden,samholden,782115.0,6865.0,both,True,0.0,True,True
2012,6598,1,Greg Merson,8531853,gregmerson,Greg Merson,gregmerson,8531853.0,6598.0,both,True,0.0,True,True
2012,6598,2,Jesse Sylvia,5295149,jessesylvia,Jesse Sylvia,jessesylvia,5295149.0,6598.0,both,True,0.0,True,True
2012,6598,3,Jacob Balsiger,3799073,jacobbalsiger,Jake Balsiger,jakebalsiger,3799073.0,6598.0,both,False,0.0,True,True
2012,6598,4,Russell Thomas,2851537,russellthomas,Russell Thomas,russellthomas,2851537.0,6598.0,both,True,0.0,True,True
2012,6598,5,Jeremy Ausmus,2155313,jeremyausmus,Jeremy Ausmus,jeremyausmus,2155313.0,6598.0,both,True,0.0,True,True
2012,6598,6,Andras Koroknai,1640902,andraskoroknai,Andras Koroknai,andraskoroknai,1640902.0,6598.0,both,True,0.0,True,True
2012,6598,7,Michael Esposito,1258040,michaelesposito,Michael Esposito,michaelesposito,1258040.0,6598.0,both,True,0.0,True,True
2012,6598,8,Robert Salaburu,971360,robertsalaburu,Robert Salaburu,robertsalaburu,971360.0,6598.0,both,True,0.0,True,True
2012,6598,9,Steve Gee,754798,stevegee,Steve Gee,stevegee,754798.0,6598.0,both,True,0.0,True,True
2013,6352,1,Ryan Riess,8361570,ryanriess,Ryan Riess,ryanriess,8361570.0,6352.0,both,True,0.0,True,True
2013,6352,2,Jay Farber,5174357,jayfarber,Jay Farber,jayfarber,5174357.0,6352.0,both,True,0.0,True,True
2013,6352,3,Amir Lehavot,3727823,amirlehavot,Amir Lehavot,amirlehavot,3727823.0,6352.0,both,True,0.0,True,True
2013,6352,4,Sylvain Loosli,2792533,sylvainloosli,Sylvain Loosli,sylvainloosli,2792533.0,6352.0,both,True,0.0,True,True
2013,6352,5,J. C. Tran,2106893,jctran,JC Tran,jctran,2106893.0,6352.0,both,True,0.0,True,True
2013,6352,6,Marc-Etienne McLaughlin,1601024,marcetiennemclaughlin,Marc-Etienne McLaughlin,marcetiennemclaughlin,1601024.0,6352.0,both,True,0.0,True,True
2013,6352,7,Michiel Brummelhuis,1225356,michielbrummelhuis,Michiel Brummelhuis,michielbrummelhuis,1225356.0,6352.0,both,True,0.0,True,True
2013,6352,8,David Benefield,944650,davidbenefield,David Benefield,davidbenefield,944650.0,6352.0,both,True,0.0,True,True
2013,6352,9,Mark Newhouse,733224,marknewhouse,Mark Newhouse,marknewhouse,733224.0,6352.0,both,True,0.0,True,True
2014,6683,1,Martin Jacobson,10000000,martinjacobson,Martin Jacobson,martinjacobson,10000000.0,6683.0,both,True,0.0,True,True
2014,6683,2,Felix Stephensen,5147911,felixstephensen,Felix Stephensen,felixstephensen,5147911.0,6683.0,both,True,0.0,True,True
2014,6683,3,Jorryt van Hoof,3807753,jorrytvanhoof,Jorryt van Hoof,jorrytvanhoof,3807753.0,6683.0,both,True,0.0,True,True
2014,6683,4,William Tonking,2849763,williamtonking,William Tonking,williamtonking,2849763.0,6683.0,both,True,0.0,True,True
2014,6683,5,William Pappaconstantinou,2143794,williampappaconstantinou,Billy Pappaconstantinou,billypappaconstantinou,2143794.0,6683.0,both,False,0.0,True,True
2014,6683,6,Andoni Larrabe,1622471,andonilarrabe,Andoni Larrabe,andonilarrabe,1622471.0,6683.0,both,True,0.0,True,True
2014,6683,7,Dan Sindelar,1236084,dansindelar,Dan Sindelar,dansindelar,1235862.0,6683.0,both,True,222.0,False,True
2014,6683,8,Bruno Politano,947172,brunopolitano,Bruno Politano,brunopolitano,947077.0,6683.0,both,True,95.0,False,True
2014,6683,9,Mark Newhouse,730725,marknewhouse,Mark Newhouse,marknewhouse,730725.0,6683.0,both,True,0.0,True,True
2015,6420,1,Joe McKeehen,7683346,joemckeehen,Joe McKeehen,joemckeehen,7683346.0,6420.0,both,True,0.0,True,True
2015,6420,2,Joshua Beckley,4470896,joshuabeckley,Joshua Beckley,joshuabeckley,4470896.0,6420.0,both,True,0.0,True,True
2015,6420,3,Neil Blumenfield,3398298,neilblumenfield,Neil Blumenfield,neilblumenfield,3398298.0,6420.0,both,True,0.0,True,True
2015,6420,4,Max Steinberg,2615361,maxsteinberg,Max Steinberg,maxsteinberg,2615361.0,6420.0,both,True,0.0,True,True
2015,6420,5,Ofer Zvi Stern,1911423,oferzvistern,Ofer Zvi Stern,oferzvistern,1911423.0,6420.0,both,True,0.0,True,True
2015,6420,6,Thomas Cannuli,1426283,thomascannuli,Tom Cannuli,tomcannuli,1426283.0,6420.0,both,False,0.0,True,True
2015,6420,7,Pierre Neuville,1203293,pierreneuville,Pierre Neuville,pierreneuville,1203293.0,6420.0,both,True,0.0,True,True
2015,6420,8,Federico Butteroni,1097056,federicobutteroni,Federico Butteroni,federicobutteroni,1097056.0,6420.0,both,True,0.0,True,True
2015,6420,9,Patrick Chan,1001020,patrickchan,Patrick Chan,patrickchan,1001020.0,6420.0,both,True,0.0,True,True
2016,6737,1,Qui Nguyen,8005310,quinguyen,Qui Nguyen,quinguyen,8005310.0,6737.0,both,True,0.0,True,True
2016,6737,2,Gordon Vayo,4661228,gordonvayo,Gordon Vayo,gordonvayo,4661228.0,6737.0,both,True,0.0,True,True
2016,6737,3,Cliff Josephy,3453035,cliffjosephy,Cliff Josephy,cliffjosephy,3453035.0,6737.0,both,True,0.0,True,True
2016,6737,4,Michael Ruane,2576003,michaelruane,Michael Ruane,michaelruane,2576003.0,6737.0,both,True,0.0,True,True
2016,6737,5,Vojtech Ruzicka,1935288,vojtechruzicka,Vojtech Ruzicka,vojtechruzicka,1935288.0,6737.0,both,True,0.0,True,True
2016,6737,6,Kenny Hallaert,1464258,kennyhallaert,Kenny Hallaert,kennyhallaert,1464258.0,6737.0,both,True,0.0,True,True
2016,6737,7,Griffin Benger,1250190,griffinbenger,Griffin Benger,griffinbenger,1250190.0,6737.0,both,True,0.0,True,True
2016,6737,8,Jerry Wong,1100076,jerrywong,Jerry Wong,jerrywong,1100076.0,6737.0,both,True,0.0,True,True
2016,6737,9,Fernando Pons,1000000,fernandopons,Fernando Pons,fernandopons,1000000.0,6737.0,both,True,0.0,True,True
2017,7221,1,Scott Blumstein,8150000,scottblumstein,Scott Blumstein,scottblumstein,8150000.0,7221.0,both,True,0.0,True,True
2017,7221,2,Dan Ott,4700000,danott,Daniel Ott,danielott,4700000.0,7221.0,both,False,0.0,True,True
2017,7221,3,Benjamin Pollak,3500000,benjaminpollak,Benjamin Pollak,benjaminpollak,3500000.0,7221.0,both,True,0.0,True,True
2017,7221,4,John Hesp,2600000,johnhesp,John Hesp,johnhesp,2600000.0,7221.0,both,True,0.0,True,True
2017,7221,5,Antoine Saout,2000000,antoinesaout,Antoine Saout,antoinesaout,2000000.0,7221.0,both,True,0.0,True,True
2017,7221,6,Bryan Piccioli,1675000,bryanpiccioli,Bryan Piccioli,bryanpiccioli,1675000.0,7221.0,both,True,0.0,True,True
2017,7221,7,Damian Salas,1425000,damiansalas,Damian Salas,damiansalas,1425000.0,7221.0,both,True,0.0,True,True
2017,7221,8,Jack Sinclair,1200000,jacksinclair,Jack Sinclair,jacksinclair,1200000.0,7221.0,both,True,0.0,True,True
2017,7221,9,Ben Lamb,1000000,benlamb,Ben Lamb,benlamb,1000000.0,7221.0,both,True,0.0,True,True
2018,7874,1,John Cynn,8800000,johncynn,John Cynn,johncynn,8800000.0,7874.0,both,True,0.0,True,True
2018,7874,2,Tony Miles,5000000,tonymiles,Tony Miles,tonymiles,5000000.0,7874.0,both,True,0.0,True,True
2018,7874,3,Michael Dyer,3750000,michaeldyer,Michael Dyer,michaeldyer,3750000.0,7874.0,both,True,0.0,True,True
2018,7874,4,Nicolas Manion,2825000,nicolasmanion,Nicolas Manion,nicolasmanion,2825000.0,7874.0,both,True,0.0,True,True
2018,7874,5,Joe Cada,2150000,joecada,Joe Cada,joecada,2150000.0,7874.0,both,True,0.0,True,True
2018,7874,6,Aram Zobian,1800000,aramzobian,Aram Zobian,aramzobian,1800000.0,7874.0,both,True,0.0,True,True
2018,7874,7,Alex Lynskey,1500000,alexlynskey,Alex Lynskey,alexlynskey,1500000.0,7874.0,both,True,0.0,True,True
2018,7874,8,Artem Metalidi,1250000,artemmetalidi,Artem Metalidi,artemmetalidi,1250000.0,7874.0,both,True,0.0,True,True
2018,7874,9,Antoine Labat,1000000,antoinelabat,Antoine Labat,antoinelabat,1000000.0,7874.0,both,True,0.0,True,True
2019,8569,1,Hossein Ensan,10000000,hosseinensan,Hossein Ensan,hosseinensan,10000000.0,8569.0,both,True,0.0,True,True
2019,8569,2,Dario Sammartino,6000000,dariosammartino,Dario Sammartino,dariosammartino,6000000.0,8569.0,both,True,0.0,True,True
2019,8569,3,Alex Livingston,4000000,alexlivingston,Alex Livingston,alexlivingston,4000000.0,8569.0,both,True,0.0,True,True
2019,8569,4,Garry Gates,3000000,garrygates,Garry Gates,garrygates,3000000.0,8569.0,both,True,0.0,True,True
2019,8569,5,Kevin Maahs,2200000,kevinmaahs,Kevin Maahs,kevinmaahs,2200000.0,8569.0,both,True,0.0,True,True
2019,8569,6,Zhen Cai,1850000,zhencai,Zhen Cai,zhencai,1850000.0,8569.0,both,True,0.0,True,True
2019,8569,7,Nick Marchington,1525000,nickmarchington,Nick Marchington,nickmarchington,1525000.0,8569.0,both,True,0.0,True,True
2019,8569,8,Timothy Su,1250000,timothysu,Timothy Su,timothysu,1250000.0,8569.0,both,True,0.0,True,True
2019,8569,9,Milos Skrbic,1000000,milosskrbic,Milos Skrbic,milosskrbic,1000000.0,8569.0,both,True,0.0,True,True
2020,1379,1,Damian Salas,1550969,damiansalas,,,,,left_only,False,1001550968.0,False,False
2020,1379,2,Brunno Botteon,1062723,brunnobotteon,,,,,left_only,False,1001062722.0,False,False
2020,1379,3,Manuel Ruivo,728177,manuelruivo,,,,,left_only,False,1000728176.0,False,False
2020,1379,4,Ramon Miquel Munoz,498947,ramonmiquelmunoz,,,,,left_only,False,1000498946.0,False,False
2020,1379,5,Marco Streda,341879,marcostreda,,,,,left_only,False,1000341878.0,False,False
2020,1379,6,Dominykas Mikolaitis,234255,dominykasmikolaitis,,,,,left_only,False,1000234254.0,False,False
2020,1379,7,Stoyan Obreshkov,160512,stoyanobreshkov,,,,,left_only,False,1000160511.0,False,False
2020,1379,8,Hannes Speiser,109982,hannesspeiser,,,,,left_only,False,1000109981.0,False,False
2020,1379,9,Peiyuan Sun*,75360,peiyuansun,,,,,left_only,False,1000075359.0,False,False
2021,6650,1,Koray Aldemir,8000000,korayaldemir,Koray Aldemir,korayaldemir,8000000.0,6650.0,both,True,0.0,True,True
2021,6650,2,George Holmes,4300000,georgeholmes,George Holmes,georgeholmes,4300000.0,6650.0,both,True,0.0,True,True
2021,6650,3,Jack Oliver,3000000,jackoliver,Jack Oliver,jackoliver,3000000.0,6650.0,both,True,0.0,True,True
2021,6650,4,Joshua Remitio,2300000,joshuaremitio,Joshua Paige Remitio,joshuapaigeremitio,2300000.0,6650.0,both,False,0.0,True,True
2021,6650,5,Özgür Seçilmiş,1800000,ozgrsecilmi,Ozgur Secilmis,ozgursecilmis,1800000.0,6650.0,both,False,0.0,True,True
2021,6650,6,Henry Park,1400000,henrypark,Hye Park,hyepark,1400000.0,6650.0,both,False,0.0,True,True
2021,6650,7,Alejandro Lococo,1225000,alejandrolococo,Alejandro Lococo,alejandrolococo,1225000.0,6650.0,both,True,0.0,True,True
2021,6650,8,Jareth East,1100000,jaretheast,Jareth East,jaretheast,1100000.0,6650.0,both,True,0.0,True,True
2021,6650,9,Chase Bianchi,1000000,chasebianchi,Chase Bianchi,chasebianchi,1000000.0,6650.0,both,True,0.0,True,True
2022,8663,1,Espen Jørstad,10000000,espenjorstad,Espen Jorstad,espenjorstad,10000000.0,8663.0,both,True,0.0,True,True
2022,8663,2,Adrian Attenborough,6000000,adrianattenborough,Adrian Attenborough,adrianattenborough,6000000.0,8663.0,both,True,0.0,True,True
2022,8663,3,Michael Duek,4000000,michaelduek,Michael Duek,michaelduek,4000000.0,8663.0,both,True,0.0,True,True
2022,8663,4,John Eames,3000000,johneames,John Eames,johneames,3000000.0,8663.0,both,True,0.0,True,True
2022,8663,5,Matija Dobric,2250000,matijadobric,Matija Dobric,matijadobric,2250000.0,8663.0,both,True,0.0,True,True
2022,8663,6,Jeffrey Farnes,1750000,jeffreyfarnes,Jeffrey Farnes,jeffreyfarnes,1750000.0,8663.0,both,True,0.0,True,True
2022,8663,7,Aaron Duczak,1350000,aaronduczak,Aaron Duczak,aaronduczak,1350000.0,8663.0,both,True,0.0,True,True
2022,8663,8,Philippe Souki,1075000,philippesouki,Philippe Souki,philippesouki,1075000.0,8663.0,both,True,0.0,True,True
2022,8663,9,Matthew Su,850675,matthewsu,Matthew Su,matthewsu,850675.0,8663.0,both,True,0.0,True,True
2023,10043,1,Daniel Weinman,12100000,danielweinman,Daniel Weinman,danielweinman,12100000.0,10043.0,both,True,0.0,True,True
2023,10043,2,Steven Jones,6500000,stevenjones,Steven Jones,stevenjones,6500000.0,10043.0,both,True,0.0,True,True
2023,10043,3,Adam Walton,4000000,adamwalton,Adam Walton,adamwalton,4000000.0,10043.0,both,True,0.0,True,True
2023,10043,4,Jan-Peter Jachtmann,3000000,janpeterjachtmann,Jan-Peter Jachtmann,janpeterjachtmann,3000000.0,10043.0,both,True,0.0,True,True
2023,10043,5,Ruslan Prydryk,2400000,ruslanprydryk,Ruslan Prydryk,ruslanprydryk,2400000.0,10043.0,both,True,0.0,True,True
2023,10043,6,Dean Hutchison,1850000,deanhutchison,Dean Hutchison,deanhutchison,1850000.0,10043.0,both,True,0.0,True,True
2023,10043,7,Toby Lewis,1425000,tobylewis,Toby Lewis,tobylewis,1425000.0,10043.0,both,True,0.0,True,True
2023,10043,8,Juan Maceiras,1125000,juanmaceiras,Juan Maceiras Lapido,juanmaceiraslapido,1125000.0,10043.0,both,False,0.0,True,True
2023,10043,9,Daniel Holzner,900000,danielholzner,Daniel Holzner,danielholzner,900000.0,10043.0,both,True,0.0,True,True
2024,10112,1,Jonathan Tamayo,10000000,jonathantamayo,Jonathan Tamayo,jonathantamayo,10000000.0,10112.0,both,True,0.0,True,True
2024,10112,2,Jordan Griff,6000000,jordangriff,Jordan Griff,jordangriff,6000000.0,10112.0,both,True,0.0,True,True
2024,10112,3,Niklas Astedt,4000000,niklasastedt,Niklas Astedt,niklasastedt,4000000.0,10112.0,both,True,0.0,True,True
2024,10112,4,Jason Sagle,3000000,jasonsagle,Jason Sagle,jasonsagle,3000000.0,10112.0,both,True,0.0,True,True
2024,10112,5,Boris Angelov,2500000,borisangelov,Boris Angelov,borisangelov,2500000.0,10112.0,both,True,0.0,True,True
2024,10112,6,Andres Gonzalez,2000000,andresgonzalez,Andres Gonzalez,andresgonzalez,2000000.0,10112.0,both,True,0.0,True,True
2024,10112,7,Brian Kim,1500000,briankim,Brian Kim,briankim,1500000.0,10112.0,both,True,0.0,True,True
2024,10112,8,Joe Serock,1250000,joeserock,Joe Serock,joeserock,1250000.0,10112.0,both,True,0.0,True,True
2024,10112,9,Malo Latinois,1000000,malolatinois,Malo Latinois,malolatinois,1000000.0,10112.0,both,True,0.0,True,True
2025,9735,1,Michael Mizrachi,10000000,michaelmizrachi,Michael Mizrachi,michaelmizrachi,10000000.0,9735.0,both,True,0.0,True,True
2025,9735,2,John Wasnock,6000000,johnwasnock,John Wasnock,johnwasnock,6000000.0,9735.0,both,True,0.0,True,True
2025,9735,3,Braxton Dunaway,4000000,braxtondunaway,Braxton Dunaway,braxtondunaway,4000000.0,9735.0,both,True,0.0,True,True
2025,9735,4,Kenny Hallaert,3000000,kennyhallaert,Kenny Hallaert,kennyhallaert,3000000.0,9735.0,both,True,0.0,True,True
2025,9735,5,Luka Bojovic,2400000,lukabojovic,Luka Bojovic,lukabojovic,2400000.0,9735.0,both,True,0.0,True,True
2025,9735,6,Adam Hendrix,1900000,adamhendrix,Adam Sinclair Hendrix,adamsinclairhendrix,1900000.0,9735.0,both,False,0.0,True,True
2025,9735,7,Leo Margets,1500000,leomargets,Leonor Margets,leonormargets,1500000.0,9735.0,both,False,0.0,True,True
2025,9735,8,Jarod Minghini,1250000,jarodminghini,James Minghini,jamesminghini,1250000.0,9735.0,both,False,0.0,True,True
2025,9735,9,Daehyung Lee,1000000,daehyunglee,Daehyung Lee,daehyunglee,1000000.0,9735.0,both,True,0.0,True,True
