year,entrants,place,name,prize
2001,613,1,Carlos Mortensen,1500000
2001,613,2,Dewey Tomko,1098925
2001,613,3,Stan Schrier,699315
2001,613,4,Phil Gordon,399610
2001,613,5,Phil Hellmuth,303705
2001,613,6,Mike Matusow,239765
2001,613,7,Henry Nowakowski,179825
2001,613,8,Steve Riehle,119885
2001,613,9,John Inashima,91190
2002,631,1,Robert Varkonyi,2000000
2002,631,2,Julian Gardner,1100000
2002,631,3,Ralph Perry,550000
2002,631,4,Scott Gray,281480
2002,631,5,Harley Hall,195000
2002,631,6,Russell Rosenblum,150000
2002,631,7,John Shipley,125000
2002,631,8,Tony Duong,100000
2002,631,9,Minh Ly,85000
2003,839,1,Chris Moneymaker,2500000
2003,839,2,Sam Farha,1300000
2003,839,3,Dan Harrington,650000
2003,839,4,Jason Lester,440000
2003,839,5,Tomer Benvenisti,320000
2003,839,6,Amir Vahedi,250000
2003,839,7,Young Pak,200000
2003,839,8,David Grey,160000
2003,839,9,David Singer,120000
2004,2576,1,Greg Raymer,5000000
2004,2576,2,David Williams,3500000
2004,2576,3,Josh Arieh,2500000
2004,2576,4,Dan Harrington,1500000
2004,2576,5,Glenn Hughes,1100000
2004,2576,6,Al Krux,800000
2004,2576,7,Matt Dean,675000
2004,2576,8,Mattias Andersson,575000
2004,2576,9,Michael McClain,470400
2005,5619,1,Joe Hachem,7500000
2005,5619,2,Steve Dannenmann,4250000
2005,5619,3,Tex Barch,2500000
2005,5619,4,Aaron Kanter,2000000
2005,5619,5,Andy Black,1750000
2005,5619,6,Scott Lazar,1500000
2005,5619,7,Daniel Bergsdorf,1300000
2005,5619,8,Brad Kondracki,1150000
2005,5619,9,Mike Matusow,1000000
2006,8773,1,Jamie Gold,12000000
2006,8773,2,Paul Wasicka,6102499
2006,8773,3,Michael Binger,4123310
2006,8773,4,Allen Cunningham,3628513
2006,8773,5,Rhett Butler,3216182
2006,8773,6,Richard Lee,2803851
2006,8773,7,Douglas Kim,2391520
2006,8773,8,Erik Friberg,1979189
2006,8773,9,Dan Nassif,1566858
2007,6358,1,Jerry Yang,8250000
2007,6358,2,Tuan Lam,4840981
2007,6358,3,Raymond Rahme,3048025
2007,6358,4,Alex Kravchenko,1852721
2007,6358,5,Jon Kalmar,1255069
2007,6358,6,Hevad Khan,956243
2007,6358,7,Lee Childs,705229
2007,6358,8,Lee Watkinson,585699
2007,6358,9,Philip Hilm,525934
2008,6844,1,Peter Eastgate,9152416
2008,6844,2,Ivan Demidov,5790024
2008,6844,3,Dennis Phillips,4503352
2008,6844,4,Ylon Schwartz,3763515
2008,6844,5,Scott Montgomery,3088012
2008,6844,6,Darus Suharto,2412510
2008,6844,7,David Rheem,1769174
2008,6844,8,Kelly Kim,1286672
2008,6844,9,Craig Marquis,900670
2009,6494,1,Joe Cada,8547042
2009,6494,2,Darvin Moon,5182928
2009,6494,3,Antoine Saout,3479670
2009,6494,4,Eric Buchman,2502890
2009,6494,5,Jeff Shulman,1953452
2009,6494,6,Steven Begleiter,1587160
2009,6494,7,Phil Ivey,1404014
2009,6494,8,Kevin Schaffel,1300231
2009,6494,9,James Akenhead,1263602
2010,7319,1,Jonathan Duhamel,8944310
2010,7319,2,John Racener,5545955
2010,7319,3,Joseph Cheong,4130049
2010,7319,4,Filippo Candio,3092545
2010,7319,5,Michael Mizrachi,2332992
2010,7319,6,John Dolan,1772959
2010,7319,7,Jason Senti,1356720
2010,7319,8,Matthew Jarvis,1045743
2010,7319,9,Soi Nguyen,811823
2011,6865,1,Pius Heinz,8715638
2011,6865,2,Martin Staszko,5433086
2011,6865,3,Ben Lamb,4021138
2011,6865,4,Matt Giannetti,3012700
2011,6865,5,Phil Collins,2269599
2011,6865,6,Eoghan O'Dea,1720831
2011,6865,7,"Badih ""Bob"" Bounahra",1314097
2011,6865,8,Anton Makiievskyi,1010015
2011,6865,9,Sam Holden,782115
2012,6598,1,Greg Merson,8531853
2012,6598,2,Jesse Sylvia,5295149
2012,6598,3,Jacob Balsiger,3799073
2012,6598,4,Russell Thomas,2851537
2012,6598,5,Jeremy Ausmus,2155313
2012,6598,6,Andras Koroknai,1640902
2012,6598,7,Michael Esposito,1258040
2012,6598,8,Robert Salaburu,971360
2012,6598,9,Steve Gee,754798
2013,6352,1,Ryan Riess,8361570
2013,6352,2,Jay Farber,5174357
2013,6352,3,Amir Lehavot,3727823
2013,6352,4,Sylvain Loosli,2792533
2013,6352,5,J. C. Tran,2106893
2013,6352,6,Marc-Etienne McLaughlin,1601024
2013,6352,7,Michiel Brummelhuis,1225356
2013,6352,8,David Benefield,944650
2013,6352,9,Mark Newhouse,733224
2014,6683,1,Martin Jacobson,10000000
2014,6683,2,Felix Stephensen,5147911
2014,6683,3,Jorryt van Hoof,3807753
2014,6683,4,William Tonking,2849763
2014,6683,5,William Pappaconstantinou,2143794
2014,6683,6,Andoni Larrabe,1622471
2014,6683,7,Dan Sindelar,1236084
2014,6683,8,Bruno Politano,947172
2014,6683,9,Mark Newhouse,730725
2015,6420,1,Joe McKeehen,7683346
2015,6420,2,Joshua Beckley,4470896
2015,6420,3,Neil Blumenfield,3398298
2015,6420,4,Max Steinberg,2615361
2015,6420,5,Ofer Zvi Stern,1911423
2015,6420,6,Thomas Cannuli,1426283
2015,6420,7,Pierre Neuville,1203293
2015,6420,8,Federico Butteroni,1097056
2015,6420,9,Patrick Chan,1001020
2016,6737,1,Qui Nguyen,8005310
2016,6737,2,Gordon Vayo,4661228
2016,6737,3,Cliff Josephy,3453035
2016,6737,4,Michael Ruane,2576003
2016,6737,5,Vojtech Ruzicka,1935288
2016,6737,6,Kenny Hallaert,1464258
2016,6737,7,Griffin Benger,1250190
2016,6737,8,Jerry Wong,1100076
2016,6737,9,Fernando Pons,1000000
2017,7221,1,Scott Blumstein,8150000
2017,7221,2,Dan Ott,4700000
2017,7221,3,Benjamin Pollak,3500000
2017,7221,4,John Hesp,2600000
2017,7221,5,Antoine Saout,2000000
2017,7221,6,Bryan Piccioli,1675000
2017,7221,7,Damian Salas,1425000
2017,7221,8,Jack Sinclair,1200000
2017,7221,9,Ben Lamb,1000000
2018,7874,1,John Cynn,8800000
2018,7874,2,Tony Miles,5000000
2018,7874,3,Michael Dyer,3750000
2018,7874,4,Nicolas Manion,2825000
2018,7874,5,Joe Cada,2150000
2018,7874,6,Aram Zobian,1800000
2018,7874,7,Alex Lynskey,1500000
2018,7874,8,Artem Metalidi,1250000
2018,7874,9,Antoine Labat,1000000
2019,8569,1,Hossein Ensan,10000000
2019,8569,2,Dario Sammartino,6000000
2019,8569,3,Alex Livingston,4000000
2019,8569,4,Garry Gates,3000000
2019,8569,5,Kevin Maahs,2200000
2019,8569,6,Zhen Cai,1850000
2019,8569,7,Nick Marchington,1525000
2019,8569,8,Timothy Su,1250000
2019,8569,9,Milos Skrbic,1000000
2020,1379,1,Damian Salas,1550969
2020,1379,2,Brunno Botteon,1062723
2020,1379,3,Manuel Ruivo,728177
2020,1379,4,Ramon Miquel Munoz,498947
2020,1379,5,Marco Streda,341879
2020,1379,6,Dominykas Mikolaitis,234255
2020,1379,7,Stoyan Obreshkov,160512
2020,1379,8,Hannes Speiser,109982
2020,1379,9,Peiyuan Sun*,75360
2021,6650,1,Koray Aldemir,8000000
2021,6650,2,George Holmes,4300000
2021,6650,3,Jack Oliver,3000000
2021,6650,4,Joshua Remitio,2300000
2021,6650,5,Özgür Seçilmiş,1800000
2021,6650,6,Henry Park,1400000
2021,6650,7,Alejandro Lococo,1225000
2021,6650,8,Jareth East,1100000
2021,6650,9,Chase Bianchi,1000000
2022,8663,1,Espen Jørstad,10000000
2022,8663,2,Adrian Attenborough,6000000
2022,8663,3,Michael Duek,4000000
2022,8663,4,John Eames,3000000
2022,8663,5,Matija Dobric,2250000
2022,8663,6,Jeffrey Farnes,1750000
2022,8663,7,Aaron Duczak,1350000
2022,8663,8,Philippe Souki,1075000
2022,8663,9,Matthew Su,850675
2023,10043,1,Daniel Weinman,12100000
2023,10043,2,Steven Jones,6500000
2023,10043,3,Adam Walton,4000000
2023,10043,4,Jan-Peter Jachtmann,3000000
2023,10043,5,Ruslan Prydryk,2400000
2023,10043,6,Dean Hutchison,1850000
2023,10043,7,Toby Lewis,1425000
2023,10043,8,Juan Maceiras,1125000
2023,10043,9,Daniel Holzner,900000
2024,10112,1,Jonathan Tamayo,10000000
2024,10112,2,Jordan Griff,6000000
2024,10112,3,Niklas Astedt,4000000
2024,10112,4,Jason Sagle,3000000
2024,10112,5,Boris Angelov,2500000
2024,10112,6,Andres Gonzalez,2000000
2024,10112,7,Brian Kim,1500000
2024,10112,8,Joe Serock,1250000
2024,10112,9,Malo Latinois,1000000
2025,9735,1,Michael Mizrachi,10000000
2025,9735,2,John Wasnock,6000000
2025,9735,3,Braxton Dunaway,4000000
2025,9735,4,Kenny Hallaert,3000000
2025,9735,5,Luka Bojovic,2400000
2025,9735,6,Adam Hendrix,1900000
2025,9735,7,Leo Margets,1500000
2025,9735,8,Jarod Minghini,1250000
2025,9735,9,Daehyung Lee,1000000
